ID,Tipo,SKU,"GTIN, UPC, EAN, ou ISBN",Nome,Publicado,"Em destaque?","Visibilidade no catálogo","Descrição curta",Descrição,"Data de preço promocional começa em","Data de preço promocional termina em","Status do imposto","Classe de imposto","Em estoque?",Estoque,"Quantidade baixa de estoque","São permitidas encomendas?","Vendido individualmente?","Peso (kg)","Comprimento (cm)","Largura (cm)","Altura (cm)","Permitir avaliações de clientes?","Observação de compra","Preço promocional",Preço,Categorias,Tags,"Classe de entrega",Imagens,"Limite de downloads","Dias para expirar o download",Ascendente,"Grupo de produtos",Upsells,"Venda cruzada","URL externa","Texto do botão",Posição,"Swatches Attributes",Marcas,"Metadado: _wp_page_template","Metadado: _yoast_wpseo_primary_product_brand","Metadado: _yoast_wpseo_primary_product_cat","Metadado: _yoast_wpseo_estimated-reading-time-minutes","Metadado: _eael_post_view_count","Metadado: _wa_order_phone_number_check","Metadado: _wa_order_phone_number","Metadado: _wa_order_button_text","Metadado: _wa_order_custom_message","Metadado: _hide_wa_button","Metadado: _hide_atc_button","Metadado: _force_show_atc_button"
3859,simple,303,,Abdutor,1,0,visible,,,,,taxable,,1,,,0,0,,,,,0,,,1,"Bateria de peso, Linha Body Line",,,https://r3fitness.com.br/wp-content/uploads/2026/01/abdutor-1.jpg,,,,,,,,,0,,,,,,,68
3860,simple,310,,Adutor,1,0,visible,,,,,taxable,,1,,,0,0,,,,,0,,,1,"Bateria de peso, Linha Body Line",,,https://r3fitness.com.br/wp-content/uploads/2026/01/abdutor-2.jpg,,,,,,,,,0,,,,,,,91
3861,simple,315,,"Cross Over Angular",1,0,visible,,,,,taxable,,1,,,0,0,,,,,0,,,1,"Bateria de peso, Linha Body Line",,,https://r3fitness.com.br/wp-content/uploads/2026/01/cross-over-angular.jpg,,,,,,,,,0,,,default,,,,85
3862,simple,319,,"Cross Over",1,0,visible,,,,,taxable,,1,,,0,0,,,,,0,,,1,"Bateria de peso, Linha Body Line",,,https://r3fitness.com.br/wp-content/uploads/2026/01/cross-over.jpg,,,,,,,,,0,,,default,,,,79
3863,simple,323,,"Cross Smith",1,0,visible,,,,,taxable,,1,,,0,0,,,,,0,,,1,"Bateria de peso, Lançamento, Linha Body Line",,,https://r3fitness.com.br/wp-content/uploads/2026/01/cross-smith-1.jpg,,,,,,,,,0,,,default,,17,,236
3864,simple,328,,"Desenvolvimento de Ombro",1,0,visible,,,,,taxable,,1,,,0,0,,,,,0,,,1,"Bateria de peso, Linha Body Line",,,https://r3fitness.com.br/wp-content/uploads/2026/01/desenvolvimento-ombro.jpg,,,,,,,,,0,,,default,,,,91
3865,simple,332,,"Extensor - Flexor Sentado",1,0,visible,,,,,taxable,,1,,,0,0,,,,,0,,,1,"Bateria de peso, Linha Body Line",,,https://r3fitness.com.br/wp-content/uploads/2026/01/extensor-flexor-sentado.jpg,,,,,,,,,0,,,default,,,,136
3866,simple,336,,Extensor,1,0,visible,,,,,taxable,,1,,,0,0,,,,,0,,,1,"Bateria de peso, Linha Body Line",,,https://r3fitness.com.br/wp-content/uploads/2026/01/extensor.jpg,,,,,,,,,0,,,default,,,,87
3867,simple,340,,"Flexor Deitado",1,0,visible,,,,,taxable,,1,,,0,0,,,,,0,,,1,"Bateria de peso, Linha Body Line",,,https://r3fitness.com.br/wp-content/uploads/2026/01/flexor-deitado-1.jpg,,,,,,,,,0,,,default,,,,185
3868,simple,345,,"Flexor em Pé",1,0,visible,,,,,taxable,,1,,,0,0,,,,,0,,,1,"Bateria de peso, Linha Body Line",,,https://r3fitness.com.br/wp-content/uploads/2026/01/flexor-em-pe.jpg,,,,,,,,,0,,,default,,,,133
3869,simple,349,,Gravition,1,0,visible,,,,,taxable,,1,,,0,0,,,,,0,,,1,"Bateria de peso, Linha Body Line",,,https://r3fitness.com.br/wp-content/uploads/2026/01/gravition.jpg,,,,,,,,,0,,,default,,,,158
3870,simple,353,,"Leg Press 180º",1,0,visible,,,,,taxable,,1,,,0,0,,,,,0,,,1,"Bateria de peso, Linha Body Line",,,https://r3fitness.com.br/wp-content/uploads/2026/01/Leg-Press-180o-.png,,,,,,,,,0,,,default,,34,,152
3871,simple,357,,"Peitoral Dorsal Cruxifico",1,0,visible,,,,,taxable,,1,,,0,0,,,,,0,,,1,"Bateria de peso, Linha Body Line",,,https://r3fitness.com.br/wp-content/uploads/2026/01/peitoral-dorsal-cruxifico.jpg,,,,,,,,,0,,,default,,,,132
3872,simple,361,,"peitoral dorsal",1,0,visible,,,,,taxable,,1,,,0,0,,,,,0,,,,"Bateria de peso, Linha Body Line",,,https://r3fitness.com.br/wp-content/uploads/2026/01/Peitoral-Dorsal-Linha-Body-Line-Substituir-1.jpg,,,,,,,,,0,,,,,,,169
3873,simple,365,,"puxada 2x1",1,0,visible,,,,,taxable,,1,,,0,0,,,,,0,,,,"Bateria de peso, Linha Body Line",,,https://r3fitness.com.br/wp-content/uploads/2026/01/puxada-2-1-.jpg,,,,,,,,,0,,,,,,,162
3874,simple,372,,"Puxada Alta",1,0,visible,,,,,taxable,,1,,,0,0,,,,,0,,,1,"Bateria de peso, Linha Body Line",,,https://r3fitness.com.br/wp-content/uploads/2026/01/puxada-alta.jpg,,,,,,,,,0,,,default,,,,156
3875,simple,378,,Adutor,1,0,visible,,,,,taxable,,1,,,0,0,,,,,0,,,1,"Bateria de peso, Linha New Shape",,,https://r3fitness.com.br/wp-content/uploads/2026/01/adutor-abdutor-2.jpg,,,,,,,,,0,,,,,,,69
3876,simple,382,,Abdutor,1,0,visible,,,,,taxable,,1,,,0,0,,,,,0,,,1,"Bateria de peso, Linha New Shape",,,https://r3fitness.com.br/wp-content/uploads/2026/01/adutor-abdutor-2.jpg,,,,,,,,,0,,,,,,,79
3877,simple,386,,"Cross Over",1,0,visible,,,,,taxable,,1,,,0,0,,,,,0,,,1,"Bateria de peso, Linha New Shape",,,https://r3fitness.com.br/wp-content/uploads/2026/01/cross-over-1.jpg,,,,,,,,,0,,,default,,,,177
3878,simple,390,,"Cross Smith",1,0,visible,,,,,taxable,,1,,,0,0,,,,,0,,,1,"Bateria de peso, Linha New Shape",,,https://r3fitness.com.br/wp-content/uploads/2026/01/cross-smith-2.jpg,,,,,,,,,0,,,default,,,,171
3879,simple,393,,"Extensor - Flexor Sentado",1,0,visible,,,,,taxable,,1,,,0,0,,,,,0,,,1,"Bateria de peso, Linha New Shape",,,https://r3fitness.com.br/wp-content/uploads/2026/01/extensor-flexor-sentado-1.jpg,,,,,,,,,0,,,default,,,,150
3880,simple,400,,Extensor,1,0,visible,,,,,taxable,,1,,,0,0,,,,,0,,,1,"Bateria de peso, Linha New Shape",,,https://r3fitness.com.br/wp-content/uploads/2026/01/extensor-2.jpg,,,,,,,,,0,,,default,,,,145
3881,simple,403,,"Flexor Deitado",1,0,visible,,,,,taxable,,1,,,0,0,,,,,0,,,1,"Bateria de peso, Linha New Shape",,,https://r3fitness.com.br/wp-content/uploads/2026/01/flexor-deitado-2.jpg,,,,,,,,,0,,,default,,,,163
3882,simple,407,,"Glúteo 4 Apoios",1,0,visible,,,,,taxable,,1,,,0,0,,,,,0,,,1,"Bateria de peso, Linha New Shape",,,https://r3fitness.com.br/wp-content/uploads/2026/01/gluteo-4-apoios.jpg,,,,,,,,,0,,,default,,,,134
3883,simple,411,,Adutor,1,0,visible,,,,,taxable,,1,,,0,0,,,,,0,,,1,"Bateria de peso, Linha Excellence",,,https://r3fitness.com.br/wp-content/uploads/2026/01/adutor-abdutor-3.jpg,,,,,,,,,0,,,default,,,,82
3884,simple,415,,Abdutor,1,0,visible,,,,,taxable,,1,,,0,0,,,,,0,,,1,"Bateria de peso, Linha Excellence",,,https://r3fitness.com.br/wp-content/uploads/2026/01/adutor-abdutor-3.jpg,,,,,,,,,0,,,default,,,,182
3885,simple,418,,"Extensora- Flexor Sentado",1,0,visible,,,,,taxable,,1,,,0,0,,,,,0,,,1,"Bateria de peso, Linha Excellence",,,https://r3fitness.com.br/wp-content/uploads/2026/01/estensora-flexor-sentado.jpg,,,,,,,,,0,,,default,,,,185
3886,simple,421,,"Leg Press 180°",1,0,visible,,,,,taxable,,1,,,0,0,,,,,0,,,1,"Bateria de peso, Linha Excellence",,,https://r3fitness.com.br/wp-content/uploads/2026/01/leg-press-180-2.jpg,,,,,,,,,0,,,default,,,,219
3887,simple,425,,"Agachamento Sissy",1,0,visible,,,,,taxable,,1,,,0,0,,,,,0,,,1,"Linha Peso Livre",,,https://r3fitness.com.br/wp-content/uploads/2026/01/agachamento-sissy.jpg,,,,,,,,,0,,,default,,,,72
3888,simple,429,,"Agachamento Smith",1,0,visible,,,,,taxable,,1,,,0,0,,,,,0,,,1,"Linha Articulados",,,https://r3fitness.com.br/wp-content/uploads/2026/01/agachamento-smith.jpg,,,,,,,,,0,,,default,,,,81
3901,simple,433,,"Banco regulável 2x1",1,0,visible,,,,,taxable,,1,,,0,0,,,,,0,,,1,"Linha Peso Livre",,,https://r3fitness.com.br/wp-content/uploads/2026/01/WhatsApp-Image-2023-10-31-at-10.33.22.jpeg,,,,,,,,,0,,,default,,,,64
3902,simple,437,,"Banco Reto",1,0,visible,,,,,taxable,,1,,,0,0,,,,,0,,,1,"Linha Peso Livre",,,https://r3fitness.com.br/wp-content/uploads/2026/01/banco-reto.jpg,,,,,,,,,0,,,default,,,,56
3903,simple,441,,"Banco Scott",1,0,visible,,,,,taxable,,1,,,0,0,,,,,0,,,1,"Linha Peso Livre",,,https://r3fitness.com.br/wp-content/uploads/2026/01/banco-scott.jpg,,,,,,,,,0,,,default,,,,76
3904,simple,446,,"Hack 45°",1,0,visible,,,,,taxable,,1,,,0,0,,,,,0,,,1,"Linha Peso Livre",,,https://r3fitness.com.br/wp-content/uploads/2026/01/hack-45.jpg,,,,,,,,,0,,,default,,,,80
3905,simple,450,,"Leg Press 45°",1,0,visible,,,,,taxable,,1,,,0,0,,,,,0,,,,"Linha Peso Livre",,,https://r3fitness.com.br/wp-content/uploads/2026/01/leg-press-45.jpg,,,,,,,,,0,,,default,,,,62
3906,simple,454,,Lombar,1,0,visible,,,,,taxable,,1,,,0,0,,,,,0,,,,"Linha Peso Livre",,,https://r3fitness.com.br/wp-content/uploads/2026/01/Lombar-Linha-Peso-Livre-Substituir.jpg,,,,,,,,,0,,,default,,,,54
3907,simple,462,,"Panturrilha Sentada",1,0,visible,,,,,taxable,,1,,,0,0,,,,,0,,,1,"Linha Body Line, Linha Peso Livre",,,"https://r3fitness.com.br/wp-content/uploads/2026/01/Panturrilha-sentada-Ecellence-Lataral-Fundo-Branco.png, https://r3fitness.com.br/wp-content/uploads/2026/01/Panturrilha-sentada-Ecellence-Lataral-Fundo-Branco.png",,,,,,,,,0,,,default,,35,,203
3908,simple,470,,"Supinio Inclinado",1,0,visible,,,,,taxable,,1,,,0,0,,,,,0,,,1,"Linha Peso Livre",,,https://r3fitness.com.br/wp-content/uploads/2026/01/supinio-inclinado.jpg,,,,,,,,,0,,,default,,,,55
3909,simple,474,,"Prancha Abdominal",1,0,visible,,,,,taxable,,1,,,0,0,,,,,0,,,1,"Linha Peso Livre",,,https://r3fitness.com.br/wp-content/uploads/2026/01/prancha-abdominal.jpg,,,,,,,,,0,,,default,,,,68
3910,simple,478,,"Supino Declinado",1,0,visible,,,,,taxable,,1,,,0,0,,,,,0,,,1,"Linha Peso Livre",,,https://r3fitness.com.br/wp-content/uploads/2026/01/supino-declinado.jpg,,,,,,,,,0,,,default,,,,60
3911,simple,482,,"Supino Regulável",1,0,visible,,,,,taxable,,1,,,0,0,,,,,0,,,1,"Linha Peso Livre",,,https://r3fitness.com.br/wp-content/uploads/2026/01/supino-regulavel.jpg,,,,,,,,,0,,,default,,,,55
3912,simple,486,,"Supino Reto",1,0,visible,,,,,taxable,,1,,,0,0,,,,,0,,,1,"Linha Peso Livre",,,https://r3fitness.com.br/wp-content/uploads/2026/01/Supino-Reto-Linha-Peso-Livre-Substituir.jpg,,,,,,,,,0,,,default,,,,56
3930,simple,490,,"Suporte Colchonetes",1,0,visible,,,,,taxable,,1,,,0,0,,,,,0,,,1,"Linha Peso Livre",,,https://r3fitness.com.br/wp-content/uploads/2026/01/suporte-colchonetes.jpg,,,,,,,,,0,,,default,,,,60
3931,simple,494,,"Suporte Gaiola",1,0,visible,,,,,taxable,,1,,,0,0,,,,,0,,,1,"Linha Peso Livre",,,https://r3fitness.com.br/wp-content/uploads/2026/01/Suporte-Gaiola-Branco.png,,,,,,,,,0,,,default,,,,64
3932,simple,521,,"Bicicleta Horizontal",1,0,visible,,,,,taxable,,1,,,0,0,,,,,0,,,1,"Bikes, Linha Cardio",,,https://r3fitness.com.br/wp-content/uploads/2026/01/bicicleta-horizontal.jpg,,,,,,,,,0,,,default,,,,55
3933,simple,525,,"Bicicleta Vertical",1,0,visible,,,,,taxable,,1,,,0,0,,,,,0,,,1,"Bikes, Linha Cardio",,,https://r3fitness.com.br/wp-content/uploads/2026/01/bicicleta-vertical.jpg,,,,,,,,,0,,,default,,,,66
3934,simple,529,,"Bike Spinning",1,0,visible,,,,,taxable,,1,,,0,0,,,,,0,,,1,"Linha Cardio",,,https://r3fitness.com.br/wp-content/uploads/2026/01/bike-spinning-nova.jpg,,,,,,,,,0,,,default,,,,76
3935,simple,533,,Eliptico,1,0,visible,,,,,taxable,,1,,,0,0,,,,,0,,,1,"Elípticos, Linha Cardio",,,https://r3fitness.com.br/wp-content/uploads/2026/01/eliptico.jpg,,,,,,,,,0,,,default,,,,61
3936,simple,537,,"Esteira R1",1,0,visible,,,,,taxable,,1,,,0,0,,,,,0,,,1,"Esteiras, Linha Cardio",,,https://r3fitness.com.br/wp-content/uploads/2026/01/esteira-r1.jpg,,,,,,,,,0,,,default,,,,68
3937,simple,541,,"Esteira R2",1,0,visible,,,,,taxable,,1,,,0,0,,,,,0,,,1,"Esteiras, Linha Cardio",,,https://r3fitness.com.br/wp-content/uploads/2026/01/esteira-r2-1.jpg,,,,,,,,,0,,,default,,,,59
3938,simple,546,,"Esteira R3",1,0,visible,,,,,taxable,,1,,,0,0,,,,,0,,,1,"Esteiras, Linha Cardio",,,https://r3fitness.com.br/wp-content/uploads/2026/01/esteira-r3.jpg,,,,,,,,,0,,,default,,,,86
3939,simple,552,,"Simulador de Escada",1,0,visible,,,,,taxable,,1,,,0,0,,,,,0,,,1,"Linha Cardio",,,https://r3fitness.com.br/wp-content/uploads/2026/01/simulador-escada-1.jpg,,,,,,,,,0,,,default,,,,130
3940,simple,607,,"Abdominal Obliquo",1,0,visible,,,,,taxable,,1,,,0,0,,,,,0,,,1,"Linha Articulados",,,https://r3fitness.com.br/wp-content/uploads/2026/01/abdominal-obliquo.jpg,,,,,,,,,0,,,default,,,,48
3941,simple,611,,"Agachamento Sissy com Afundo",1,0,visible,,,,,taxable,,1,,,0,0,,,,,0,,,1,"Linha Articulados",,,https://r3fitness.com.br/wp-content/uploads/2026/01/agachamento-sissy-com-afundo.jpg,,,,,,,,,0,,,default,,,,97
3942,simple,615,,"Bell Squat",1,0,visible,,,,,taxable,,1,,,0,0,,,,,0,,,1,"Linha Articulados",,,https://r3fitness.com.br/wp-content/uploads/2026/01/bell-squat.jpg,,,,,,,,,0,,,default,,,,81
3943,simple,619,,"desenvolvimento ombro",1,0,visible,,,,,taxable,,1,,,0,0,,,,,0,,,1,"Linha Articulados",,,https://r3fitness.com.br/wp-content/uploads/2026/01/desenvolvimento-ombro-1.jpg,,,,,,,,,0,,,,,,,51
3944,simple,623,,"Elevação Pélvica",1,0,visible,,,,,taxable,,1,,,0,0,,,,,0,,,1,"Linha Articulados",,,https://r3fitness.com.br/wp-content/uploads/2026/01/elevacao-pelvica.jpg,,,,,,,,,0,,,default,,,,59
3945,simple,627,,"Hack Squat",1,0,visible,,,,,taxable,,1,,,0,0,,,,,0,,,,"Linha Articulados",,,https://r3fitness.com.br/wp-content/uploads/2026/01/hack-squat.jpg,,,,,,,,,0,,,default,,,,130
3946,simple,631,,"Remada Sentada Unilateral",1,0,visible,,,,,taxable,,1,,,0,0,,,,,0,,,1,"Linha Articulados",,,https://r3fitness.com.br/wp-content/uploads/2026/01/remada-sentada-unilateral.jpg,,,,,,,,,0,,,default,,,,50
3947,simple,635,,"Supino Reto Convergente",1,0,visible,,,,,taxable,,1,,,0,0,,,,,0,,,1,"Linha Articulados",,,https://r3fitness.com.br/wp-content/uploads/2026/01/supino-reto-convergente.jpg,,,,,,,,,0,,,default,,,,313
3948,simple,639,,"Anilha Injetada",1,0,visible,,,,,taxable,,1,,,0,0,,,,,0,,,1,Linha Acessorios,,,https://r3fitness.com.br/wp-content/uploads/2026/01/anilha-injetada.jpg,,,,,,,,,0,,,default,,,,43
3968,simple,643,,"Anilha Pintada de Ferro",1,0,visible,,,,,taxable,,1,,,0,0,,,,,0,,,1,Linha Acessorios,,,https://r3fitness.com.br/wp-content/uploads/2026/01/anilha-pintada-de-ferro.jpg,,,,,,,,,0,,,default,,,,40
3969,simple,647,,"Barra 2x1",1,0,visible,,,,,taxable,,1,,,0,0,,,,,0,,,1,Linha Acessorios,,,https://r3fitness.com.br/wp-content/uploads/2026/01/barra-2x1-1.jpg,,,,,,,,,0,,,default,,,,41
3970,simple,651,,"Barra Curva 40 cm",1,0,visible,,,,,taxable,,1,,,0,0,,,,,0,,,1,Linha Acessorios,,,https://r3fitness.com.br/wp-content/uploads/2026/01/barra-curva-40-cm.jpg,,,,,,,,,0,,,default,,,,48
3971,simple,656,,"Barra Giratoria 40cm",1,0,visible,,,,,taxable,,1,,,0,0,,,,,0,,,1,Linha Acessorios,,,https://r3fitness.com.br/wp-content/uploads/2026/01/barra-giratoria-40cm.jpg,,,,,,,,,0,,,default,,,,40
3972,simple,660,,"Barra H",1,0,visible,,,,,taxable,,1,,,0,0,,,,,0,,,1,Linha Acessorios,,,https://r3fitness.com.br/wp-content/uploads/2026/01/barra-h.jpg,,,,,,,,,0,,,default,,,,47
3973,simple,664,,"Barra Recartilhada 30cm",1,0,visible,,,,,taxable,,1,,,0,0,,,,,0,,,1,Linha Acessorios,,,https://r3fitness.com.br/wp-content/uploads/2026/01/barra-recatilhada-30cm.jpg,,,,,,,,,0,,,default,,,,113
3974,simple,668,,"Barra Recartilhada de 1,20",1,0,visible,,,,,taxable,,1,,,0,0,,,,,0,,,1,Linha Acessorios,,,https://r3fitness.com.br/wp-content/uploads/2026/01/barra-recatilhada-de-120.jpg,,,,,,,,,0,,,default,,,,112
3975,simple,672,,"Barra Recartilhada de 1,50",1,0,visible,,,,,taxable,,1,,,0,0,,,,,0,,,1,Linha Acessorios,,,https://r3fitness.com.br/wp-content/uploads/2026/01/barra-recatilhada-de-150.jpg,,,,,,,,,0,,,default,,,,115
3976,simple,676,,"Barra Recartilhada de 1,80",1,0,visible,,,,,taxable,,1,,,0,0,,,,,0,,,1,Linha Acessorios,,,https://r3fitness.com.br/wp-content/uploads/2026/01/barra-recatilhada-de-180.jpg,,,,,,,,,0,,,default,,,,103
3977,simple,680,,"Barra Recartilhada de 2,00",1,0,visible,,,,,taxable,,1,,,0,0,,,,,0,,,1,Linha Acessorios,,,https://r3fitness.com.br/wp-content/uploads/2026/01/barra-recatilhada-de-200.jpg,,,,,,,,,0,,,default,,,,112
3978,simple,684,,"Barra Recartilhada de 2,20",1,0,visible,,,,,taxable,,1,,,0,0,,,,,0,,,,Linha Acessorios,,,https://r3fitness.com.br/wp-content/uploads/2026/01/barra-recatilhada-de-220.jpg,,,,,,,,,0,,,default,,,,100
3979,simple,689,,"Barra Reta com Estribo Pontal",1,0,visible,,,,,taxable,,1,,,0,0,,,,,0,,,,Linha Acessorios,,,https://r3fitness.com.br/wp-content/uploads/2026/01/barra-reta-com-estribo-pontal.jpg,,,,,,,,,0,,,default,,,,52
3980,simple,693,,"Barra W",1,0,visible,,,,,taxable,,1,,,0,0,,,,,0,,,1,Linha Acessorios,,,https://r3fitness.com.br/wp-content/uploads/2026/01/barra-w.jpg,,,,,,,,,0,,,default,,,,45
3981,simple,697,,"Boneco Bob",1,0,visible,,,,,taxable,,1,,,0,0,,,,,0,,,1,Linha Acessorios,,,https://r3fitness.com.br/wp-content/uploads/2026/01/boneco-bob.jpg,,,,,,,,,0,,,default,,,,46
3982,simple,701,,"Cama Elástica",1,0,visible,,,,,taxable,,1,,,0,0,,,,,0,,,1,Linha Acessorios,,,https://r3fitness.com.br/wp-content/uploads/2026/01/cama-elastica.jpg,,,,,,,,,0,,,default,,,,53
3983,simple,706,,colchonete,1,0,visible,,,,,taxable,,1,,,0,0,,,,,0,,,1,Linha Acessorios,,,https://r3fitness.com.br/wp-content/uploads/2026/01/colchonete-.jpg,,,,,,,,,0,,,,,,,31
3984,simple,710,,"Dumbell Injetado 12 a 30kg",1,0,visible,,,,,taxable,,1,,,0,0,,,,,0,,,1,Linha Acessorios,,,https://r3fitness.com.br/wp-content/uploads/2026/01/dumbell-injetado-12-a-30kg.jpg,,,,,,,,,0,,,default,,,,55
3985,simple,714,,"Dumbell Injetado Monobloco 12 a 30kg",1,0,visible,,,,,taxable,,1,,,0,0,,,,,0,,,1,Linha Acessorios,,,https://r3fitness.com.br/wp-content/uploads/2026/01/dumbell-injetado-monobloco-12-a-30kg.jpg,,,,,,,,,0,,,default,,,,56
3986,simple,718,,"Dumbell Pintado de Ferro 12 a 30kg",1,0,visible,,,,,taxable,,1,,,0,0,,,,,0,,,1,Linha Acessorios,,,https://r3fitness.com.br/wp-content/uploads/2026/01/dumbell-pintado-de-ferro-12-a-30kg.jpg,,,,,,,,,0,,,default,,,,68
4012,simple,722,,"Halter Emborrachado de 1 a 10kg",1,0,visible,,,,,taxable,,1,,,0,0,,,,,0,,,1,Linha Acessorios,,,https://r3fitness.com.br/wp-content/uploads/2026/01/halter-emborrachado-de-1-a-10kg.jpg,,,,,,,,,0,,,default,,,,56
4013,simple,726,,"Jogo Caneleira de 1 a 10kg",1,0,visible,,,,,taxable,,1,,,0,0,,,,,0,,,1,Linha Acessorios,,,https://r3fitness.com.br/wp-content/uploads/2026/01/jogo-caneleira-de-1-a-10kg.jpg,,,,,,,,,0,,,default,,,,68
4014,simple,730,,"Presilha Barras",1,0,visible,,,,,taxable,,1,,,0,0,,,,,0,,,1,Linha Acessorios,,,https://r3fitness.com.br/wp-content/uploads/2026/01/presilha-barras.jpg,,,,,,,,,0,,,default,,,,46
4015,simple,734,,"Puxador Estribo 2",1,0,visible,,,,,taxable,,1,,,0,0,,,,,0,,,1,Linha Acessorios,,,https://r3fitness.com.br/wp-content/uploads/2026/01/puxador-estribo-2.jpg,,,,,,,,,0,,,default,,,,50
4016,simple,738,,"Puxador Estribo Duplo",1,0,visible,,,,,taxable,,1,,,0,0,,,,,0,,,1,Linha Acessorios,,,https://r3fitness.com.br/wp-content/uploads/2026/01/puxador-estribo-duplo.jpg,,,,,,,,,0,,,default,,,,62
4017,simple,742,,"Puxador Estribo",1,0,visible,,,,,taxable,,1,,,0,0,,,,,0,,,1,Linha Acessorios,,,https://r3fitness.com.br/wp-content/uploads/2026/01/puxador-estribo.jpg,,,,,,,,,0,,,default,,,,45
4018,simple,746,,"Puxador Puxada Alta 1,20",1,0,visible,,,,,taxable,,1,,,0,0,,,,,0,,,1,Linha Acessorios,,,https://r3fitness.com.br/wp-content/uploads/2026/01/puxador-puxada-alta-120.jpg,,,,,,,,,0,,,default,,,,46
4019,simple,750,,"Puxador Triangulo",1,0,visible,,,,,taxable,,1,,,0,0,,,,,0,,,1,Linha Acessorios,,,https://r3fitness.com.br/wp-content/uploads/2026/01/puxador-triangulo.jpg,,,,,,,,,0,,,default,,,,63
4020,simple,755,,"Puxador corda",1,0,visible,,,,,taxable,,1,,,0,0,,,,,0,,,1,Linha Acessorios,,,https://r3fitness.com.br/wp-content/uploads/2026/01/pyuxador-corda.jpg,,,,,,,,,0,,,default,,,,101
4021,simple,759,,Step,1,0,visible,,,,,taxable,,1,,,0,0,,,,,0,,,1,Linha Acessorios,,,https://r3fitness.com.br/wp-content/uploads/2026/01/step.jpg,,,,,,,,,0,,,default,,,,57
4022,simple,782,,"Adutor/Abdutor - Conjugado",1,0,visible,,,,,taxable,,1,,,0,0,,,,,0,,,1,"Bateria de peso, Linha Excellence",,,https://r3fitness.com.br/wp-content/uploads/2026/01/adutor-abdutor-3.jpg,,,,,,,,,0,,,,,,,166
4023,simple,785,,"Adutor/Abdutor - Conjugado",1,0,visible,,,,,taxable,,1,,,0,0,,,,,0,,,1,"Bateria de peso, Linha New Shape",,,https://r3fitness.com.br/wp-content/uploads/2026/01/adutor-abdutor-2.jpg,,,,,,,,,0,,,,,,,196
4024,simple,793,,"Adutor/Abdutor - conjugado",1,0,visible,,,,,taxable,,1,,,0,0,,,,,0,,,1,"Bateria de peso, Linha Body Line",,,https://r3fitness.com.br/wp-content/uploads/2026/01/abdutor.jpg,,,,,,,,,0,,,,,,,231
4025,simple,857,,"Desenvolvimento Ombro Overall",1,0,visible,,,,,taxable,,1,,,0,0,,,,,0,,,1,"Linha Articulado Overall",,,https://r3fitness.com.br/wp-content/uploads/2026/01/desenvolvimento-ombro2.jpg,,,,,,,,,0,,,default,,,,254
4026,simple,861,,Pendulo,1,0,visible,,,,,taxable,,1,,,0,0,,,,,0,,,1,"Linha Articulados",,,https://r3fitness.com.br/wp-content/uploads/2026/01/R3-Fitness-61-Sem-Fundo1.png,,,,,,,,,0,,,default,,,,67
4027,simple,866,,"Gluteo em pé",1,0,visible,,,,,taxable,,1,,,0,0,,,,,0,,,1,"Bateria de peso, Linha Excellence",,,https://r3fitness.com.br/wp-content/uploads/2026/01/gluteo-em-pe.jpg,,,,,,,,,0,,,default,,34,,183
4028,simple,870,,"Cross Over",1,0,visible,,,,,taxable,,1,,,0,0,,,,,0,,,1,"Bateria de peso, Linha Excellence",,,https://r3fitness.com.br/wp-content/uploads/2026/01/cross-over-produto.jpg,,,,,,,,,0,,,,,,,171
4029,simple,879,,"supino 3x1",1,0,visible,,,,,taxable,,1,,,0,0,,,,,0,,,1,"Linha Peso Livre",,,"https://r3fitness.com.br/wp-content/uploads/2026/01/Supino-3x1-Peso-Livre-Acrescentar-essa-foto-e-deixar-como-principal.jpg, https://r3fitness.com.br/wp-content/uploads/2026/01/supino-3x1-1.jpg",,,,,,,,,0,,,,,,,94
4030,simple,892,,Peitoral Dorsal,1,0,visible,,,,,taxable,,1,,,0,0,,,,,0,,,1,"Bateria de peso, Linha Excellence",,,https://r3fitness.com.br/wp-content/uploads/2026/01/peitoral-dorsal-1.jpg,,,,,,,,,0,,,,,,,222
4031,simple,1016,,"Puxada 2x1",1,0,visible,,,,,taxable,,1,,,0,0,,,,,0,,,1,"Bateria de peso, Linha Excellence",,,https://r3fitness.com.br/wp-content/uploads/2026/01/Puxada-2x1-Linha-Excellence.jpg,,,,,,,,,0,,,,,,,178
4032,simple,1021,,"Puxada 2x1",1,0,visible,,,,,taxable,,1,,,0,0,,,,,0,,,1,"Bateria de peso, Linha New Shape",,,https://r3fitness.com.br/wp-content/uploads/2026/01/Puxada-2x1-New-Shape-Bateria-de-Peso.jpg,,,,,,,,,0,,,,,,,128,,,,,,,
4033,simple,1025,,"Remada Cavalinho sem Apoio",1,0,visible,,,,,taxable,,1,,,0,0,,,,,0,,,,"Linha Articulados",,,https://r3fitness.com.br/wp-content/uploads/2026/01/Remada-Cavalinho-sem-Apoio-Linha-Articulados.jpg,,,,,,,,,0,,,,,,,62,,,,,,,
4034,simple,1029,,"Supino 3x1",-1,0,visible,,,,,taxable,,1,,,0,0,,,,,0,,,1,Lançamento,,,,,,,,,,,,0,,,,,,,,,,,,,,
4035,simple,1037,,"Suporte para Barras e Acessorios",1,0,visible,,,,,taxable,,1,,,0,0,,,,,0,,,1,"Linha Peso Livre",,,https://r3fitness.com.br/wp-content/uploads/2026/01/Suporte-para-Barras-e-Acessorios-Peso-Livre.jpg,,,,,,,,,0,,,,,,,98,,,,,,,
4036,simple,1042,,"Cross Smith - Linha Excellence",1,0,visible,,,,,taxable,,1,,,0,0,,,,,0,,,1,"Bateria de peso, Linha Excellence",,,https://r3fitness.com.br/wp-content/uploads/2026/01/Cross-Smith-Linha-Excellence.jpg,,,,,,,,,0,,,,,,,296,,,,,,,
4059,simple,1046,,"Desenvolvimento de Ombro",1,0,visible,,,,,taxable,,1,,,0,0,,,,,0,,,1,"Bateria de peso, Linha New Shape",,,https://r3fitness.com.br/wp-content/uploads/2026/01/Desenvolvimento-de-Ombro-Linha-New-Shape.jpg,,,,,,,,,0,,,,,,,201,,,,,,,
4060,simple,1050,,"Elevação Pelvica",1,0,visible,,,,,taxable,,1,,,0,0,,,,,0,,,1,"Bateria de peso, Linha New Shape",,,https://r3fitness.com.br/wp-content/uploads/2026/01/Elevacao-Pelvica-Linha-New-Shape.jpg,,,,,,,,,0,,,,,,,180,,,,,,,
4061,simple,1053,,"Flexor Deitado",1,0,visible,,,,,taxable,,1,,,0,0,,,,,0,,,1,"Bateria de peso, Linha Excellence",,,https://r3fitness.com.br/wp-content/uploads/2026/01/Flexor-Deitado-Excellence-1.jpg,,,,,,,,,0,,,,,,,171,,,,,,,
4062,simple,,,"Elevação Pelvica Suporte",0,0,visible,,,,,taxable,,1,,,0,0,,,,,1,,,1,Lançamento,,,https://r3fitness.com.br/wp-content/uploads/2026/01/elevacao-pelvica-suporte.jpg,,,,,,,,,0,,,default,,,,,,,,,,,
4063,simple,,,"Elevação Pélvica",1,0,visible,,,,,taxable,,1,,,0,0,,,,,1,,,1,"Lançamento, Linha Articulado Overall",,,https://r3fitness.com.br/wp-content/uploads/2026/01/Elevacao-fundo-branco.png,,,,,,,,,0,,,default,,17,,235,,,,,,,
4126,"simple, virtual",,,"Agachamento Smith",1,0,visible,,,,,taxable,,1,,,0,0,,,,,1,,,1,"Linha Articulado Overall",,,https://r3fitness.com.br/wp-content/uploads/2026/01/01-Agachamento-Smith-Overal-1.png,,,,,,,,,0,,,,,,,268,no,"Robison - Atendimento",,,no,no,no
4128,simple,,,"Belt Squat Overal",-1,0,visible,"<p><br data-mce-bogus=""1""></p>",,,,taxable,,1,,,0,0,,,,,1,,,1,Equipamentos,,,,,,,,,,,,0,,,,,,,,,,,,,,
4133,simple,,,"Belt Squat Overal",1,0,visible,,,,,taxable,,1,,,0,0,,,,,1,,,1,"Linha Articulado Overall",,,https://r3fitness.com.br/wp-content/uploads/2026/01/2-2.jpg,,,,,,,,,0,,,,,,,316,no,"Robison - Atendimento",,,no,no,no
4134,simple,,,Pendulo,1,0,visible,,,,,taxable,,1,,,0,0,,,,,1,,,1,"Linha Articulado Overall",,,https://r3fitness.com.br/wp-content/uploads/2026/01/06-Pendulo-Overal-2-1.png,,,,,,,,,0,,,,,,,321,no,"Robison - Atendimento",,,no,no,no
4135,simple,,,"Remada Guiada",1,0,visible,,,,,taxable,,1,,,0,0,,,,,1,,,1,"Linha Articulado Overall",,,https://r3fitness.com.br/wp-content/uploads/2026/01/07-Remada-Guiada-Overal-1.jpeg,,,,,,,,,0,,,,,,,295,no,"Robison - Atendimento",,,no,no,no
4136,simple,,,"Supino Vertical",1,0,visible,,,,,taxable,,1,,,0,0,,,,,1,,,1,"Linha Articulado Overall",,,https://r3fitness.com.br/wp-content/uploads/2026/01/08-Supino-Vertical-Overal-1.png,,,,,,,,,0,,,,,,,317,no,"Robison - Atendimento",,,no,no,no
